{
  "extras": [
    "lazyvim.plugins.extras.ai.copilot",
    "lazyvim.plugins.extras.coding.luasnip",
    "lazyvim.plugins.extras.coding.mini-comment",
    "lazyvim.plugins.extras.coding.mini-snippets",
    "lazyvim.plugins.extras.coding.mini-surround",
    "lazyvim.plugins.extras.coding.neogen",
    "lazyvim.plugins.extras.coding.yanky",
    "lazyvim.plugins.extras.dap.core",
    "lazyvim.plugins.extras.editor.dial",
    "lazyvim.plugins.extras.editor.inc-rename",
    "lazyvim.plugins.extras.editor.outline",
    "lazyvim.plugins.extras.editor.overseer",
    "lazyvim.plugins.extras.editor.snacks_explorer",
    "lazyvim.plugins.extras.editor.snacks_picker",
    "lazyvim.plugins.extras.editor.telescope",
    "lazyvim.plugins.extras.formatting.biome",
    "lazyvim.plugins.extras.formatting.prettier",
    "lazyvim.plugins.extras.lang.ansible",
    "lazyvim.plugins.extras.lang.cmake",
    "lazyvim.plugins.extras.lang.git",
    "lazyvim.plugins.extras.lang.go",
    "lazyvim.plugins.extras.lang.haskell",
    "lazyvim.plugins.extras.lang.java",
    "lazyvim.plugins.extras.lang.php",
    "lazyvim.plugins.extras.lang.prisma",
    "lazyvim.plugins.extras.lang.python",
    "lazyvim.plugins.extras.lang.r",
    "lazyvim.plugins.extras.lang.ruby",
    "lazyvim.plugins.extras.lang.rust",
    "lazyvim.plugins.extras.lang.sql",
    "lazyvim.plugins.extras.lang.tailwind",
    "lazyvim.plugins.extras.lang.tex",
    "lazyvim.plugins.extras.lang.thrift",
    "lazyvim.plugins.extras.lang.toml",
    "lazyvim.plugins.extras.lang.typescript",
    "lazyvim.plugins.extras.lang.vue",
    "lazyvim.plugins.extras.lang.yaml",
    "lazyvim.plugins.extras.lang.zig",
    "lazyvim.plugins.extras.linting.eslint",
    "lazyvim.plugins.extras.lsp.neoconf",
    "lazyvim.plugins.extras.lsp.none-ls",
    "lazyvim.plugins.extras.test.core",
    "lazyvim.plugins.extras.ui.dashboard-nvim",
    "lazyvim.plugins.extras.ui.indent-blankline",
    "lazyvim.plugins.extras.util.dot",
    "lazyvim.plugins.extras.util.gitui",
    "lazyvim.plugins.extras.util.mini-hipatterns",
    "lazyvim.plugins.extras.util.octo",
    "lazyvim.plugins.extras.util.project"
  ],
  "install_version": 7,
  "news": {
    "NEWS.md": "10960"
  },
  "version": 8
}